{
  "project_info": {
    "project_number": "25785791316",
    "project_id": "chrona-1",
    "storage_bucket": "chrona-1.appspot.com"
  },
  "client": [
    {
      "client_info": {
        "mobilesdk_app_id": "1:25785791316:android:4b0e97abbf2e9bcac9cec1",
        "android_client_info": {
          "package_name": "com.example.chrona_1"
        }
      },
      "oauth_client": [],
      "api_key": [
        {
          "current_key": "AIzaSyA1HeyGsqgd7kNcEOY2zmHdhDYF9625YKw"
        }
      ],
      "services": {
        "appinvite_service": {
          "other_platform_oauth_client": []
        }
      }
    }
  ],
  "configuration_version": "1"
}